{"Accels": [1.0084293522416723, 1.0068543219223691, 0.9923435024251734], "AccelBias": [0.11065682103552778, 0.3868175153167538, -0.25988595143838716], "GyroBias": [0.03122604025274053, -0.03280132407444598, 0.011301296529851125], "Mags": [1.0, 1.0, 1.0], "MagBias": [5.0491663112437815, 2.1441037073435494, -5.5500798435715755], "Magtransform": [[0.9744327075328718, -0.0177348436087546, 0.05240190123929779], [-0.017734843608754623, 1.101919012759915, -0.06299857211292657], [0.05240190123929777, -0.06299857211292657, 0.9379044403115145]]}